{"src/app/forms/deletedform.php":{"_objects":{"bgRECT":{"id":"bgRECT","type":"ide\\formats\\form\\elements\\RectangleFormElement","version":0,"data":[]},"frameRECT":{"id":"frameRECT","type":"ide\\formats\\form\\elements\\RectangleFormElement","version":0,"data":[]},"image":{"id":"image","type":"ide\\formats\\form\\elements\\ImageViewFormElement","version":0,"data":{"image":".data/img/icon.png"}},"label":{"id":"label","type":"ide\\formats\\form\\elements\\LabelFormElement","version":0,"data":[]},"closeBTN":{"id":"closeBTN","type":"ide\\formats\\form\\elements\\MaterialButtonFormElement","version":0,"data":[]},"listView":{"id":"listView","type":"ide\\formats\\form\\elements\\ListViewFormElement","version":0,"data":[]},"labelAlt":{"id":"labelAlt","type":"ide\\formats\\form\\elements\\LabelFormElement","version":0,"data":[]},"restoreBTN":{"id":"restoreBTN","type":"ide\\formats\\form\\elements\\MaterialButtonFormElement","version":0,"data":[]},"playBTN":{"id":"playBTN","type":"ide\\formats\\form\\elements\\MaterialButtonFormElement","version":0,"data":[]}}},"src/app/forms/deleteform.php":{"_objects":{"bgRECT":{"id":"bgRECT","type":"ide\\formats\\form\\elements\\RectangleFormElement","version":0,"data":[]},"frameRECT":{"id":"frameRECT","type":"ide\\formats\\form\\elements\\RectangleFormElement","version":0,"data":[]},"image":{"id":"image","type":"ide\\formats\\form\\elements\\ImageViewFormElement","version":1,"data":{"image":".data/img/icon.png"}},"label":{"id":"label","type":"ide\\formats\\form\\elements\\LabelFormElement","version":20,"data":[]},"closeBTN":{"id":"closeBTN","type":"ide\\formats\\form\\elements\\MaterialButtonFormElement","version":0,"data":[]},"label4":{"id":"label4","type":"ide\\formats\\form\\elements\\LabelFormElement","version":0,"data":[]},"selected":{"id":"selected","type":"ide\\formats\\form\\elements\\MaterialButtonFormElement","version":0,"data":[]},"all":{"id":"all","type":"ide\\formats\\form\\elements\\MaterialButtonFormElement","version":0,"data":[]}}},"src/app/forms/mainform.php":{"_objects":{"bgRECT":{"id":"bgRECT","type":"ide\\formats\\form\\elements\\RectangleFormElement","version":0,"data":[]},"frameRECT":{"id":"frameRECT","type":"ide\\formats\\form\\elements\\RectangleFormElement","version":17,"data":[]},"image":{"id":"image","type":"ide\\formats\\form\\elements\\ImageViewFormElement","version":17,"data":{"image":".data/img/icon.png"}},"label":{"id":"label","type":"ide\\formats\\form\\elements\\LabelFormElement","version":0,"data":[]},"closeBTN":{"id":"closeBTN","type":"ide\\formats\\form\\elements\\MaterialButtonFormElement","version":4,"data":[]},"hideBTN":{"id":"hideBTN","type":"ide\\formats\\form\\elements\\MaterialButtonFormElement","version":0,"data":[]},"fixRECT":{"id":"fixRECT","type":"ide\\formats\\form\\elements\\RectangleFormElement","version":0,"data":[]},"rect":{"id":"rect","type":"ide\\formats\\form\\elements\\RectangleFormElement","version":0,"data":[]},"imageAlt":{"id":"imageAlt","type":"ide\\formats\\form\\elements\\ImageViewFormElement","version":0,"data":{"image":".data/img/ic_album_white_48dp.png"}},"nameLAB":{"id":"nameLAB","type":"ide\\formats\\form\\elements\\LabelFormElement","version":0,"data":[]},"curLAB":{"id":"curLAB","type":"ide\\formats\\form\\elements\\LabelFormElement","version":0,"data":[]},"totalLAB":{"id":"totalLAB","type":"ide\\formats\\form\\elements\\LabelFormElement","version":0,"data":[]},"image3":{"id":"image3","type":"ide\\formats\\form\\elements\\ImageViewFormElement","version":0,"data":{"image":".data/img/volume.png"}},"playBTN":{"id":"playBTN","type":"ide\\formats\\form\\elements\\MaterialButtonFormElement","version":0,"data":[]},"stopBTN":{"id":"stopBTN","type":"ide\\formats\\form\\elements\\MaterialButtonFormElement","version":0,"data":[]},"forwardBTN":{"id":"forwardBTN","type":"ide\\formats\\form\\elements\\MaterialButtonFormElement","version":0,"data":[]},"rewindBTN":{"id":"rewindBTN","type":"ide\\formats\\form\\elements\\MaterialButtonFormElement","version":0,"data":[]},"playlistBTN":{"id":"playlistBTN","type":"ide\\formats\\form\\elements\\MaterialButtonFormElement","version":0,"data":[]},"openBTN":{"id":"openBTN","type":"ide\\formats\\form\\elements\\MaterialButtonFormElement","version":0,"data":[]},"listView":{"id":"listView","type":"ide\\formats\\form\\elements\\ListViewFormElement","version":0,"data":[]},"volumeLAB":{"id":"volumeLAB","type":"ide\\formats\\form\\elements\\LabelFormElement","version":0,"data":[]},"statusLAB":{"id":"statusLAB","type":"ide\\formats\\form\\elements\\LabelFormElement","version":0,"data":[]},"folderBTN":{"id":"folderBTN","type":"ide\\formats\\form\\elements\\MaterialButtonFormElement","version":0,"data":[]},"openFolderBTN":{"id":"openFolderBTN","type":"ide\\formats\\form\\elements\\MaterialButtonFormElement","version":0,"data":[]},"countLAB":{"id":"countLAB","type":"ide\\formats\\form\\elements\\LabelFormElement","version":0,"data":[]},"labelabel":{"id":"labelabel","type":"ide\\formats\\form\\elements\\LabelFormElement","version":0,"data":[]},"numberLAB":{"id":"numberLAB","type":"ide\\formats\\form\\elements\\LabelFormElement","version":0,"data":[]},"playlist2BTN":{"id":"playlist2BTN","type":"ide\\formats\\form\\elements\\MaterialButtonFormElement","version":0,"data":[]},"deletedBTN":{"id":"deletedBTN","type":"ide\\formats\\form\\elements\\MaterialButtonFormElement","version":0,"data":[]},"reloadBTN":{"id":"reloadBTN","type":"ide\\formats\\form\\elements\\MaterialButtonFormElement","version":0,"data":[]},"deleteBTN":{"id":"deleteBTN","type":"ide\\formats\\form\\elements\\MaterialButtonFormElement","version":0,"data":[]},"replay":{"id":"replay","type":"ide\\formats\\form\\elements\\RectangleFormElement","version":0,"data":[]},"pauseBTN":{"id":"pauseBTN","type":"ide\\formats\\form\\elements\\MaterialButtonFormElement","version":0,"data":[]},"volumeSLIDER":{"id":"volumeSLIDER","type":"ide\\formats\\form\\elements\\MaterialSliderFormElement","version":0,"data":[]},"replayBTN":{"id":"replayBTN","type":"ide\\formats\\form\\elements\\MaterialButtonFormElement","version":0,"data":[]},"posSLIDER":{"id":"posSLIDER","type":"ide\\formats\\form\\elements\\MaterialSliderFormElement","version":0,"data":[]},"settingsBTN":{"id":"settingsBTN","type":"ide\\formats\\form\\elements\\MaterialButtonFormElement","version":48,"data":[]}}},"src/app/forms/notificationform.php":{"_objects":{"rect":{"id":"rect","type":"ide\\formats\\form\\elements\\RectangleFormElement","version":8,"data":[]},"label":{"id":"label","type":"ide\\formats\\form\\elements\\LabelFormElement","version":5,"data":[]}}},"src/app/forms/settingsform.php":{"_objects":{"bgRECT":{"id":"bgRECT","type":"ide\\formats\\form\\elements\\RectangleFormElement","version":0,"data":[]},"frameRECT":{"id":"frameRECT","type":"ide\\formats\\form\\elements\\RectangleFormElement","version":0,"data":[]},"image":{"id":"image","type":"ide\\formats\\form\\elements\\ImageViewFormElement","version":0,"data":{"image":".data/img/icon.png"}},"label":{"id":"label","type":"ide\\formats\\form\\elements\\LabelFormElement","version":0,"data":[]},"closeBTN":{"id":"closeBTN","type":"ide\\formats\\form\\elements\\MaterialButtonFormElement","version":0,"data":[]},"volume":{"id":"volume","type":"ide\\formats\\form\\elements\\MaterialToggleButtonFormElement","version":0,"data":[]},"tray":{"id":"tray","type":"ide\\formats\\form\\elements\\MaterialToggleButtonFormElement","version":0,"data":[]},"custom":{"id":"custom","type":"ide\\formats\\form\\elements\\MaterialToggleButtonFormElement","version":0,"data":[]},"playing":{"id":"playing","type":"ide\\formats\\form\\elements\\MaterialToggleButtonFormElement","version":0,"data":[]},"position":{"id":"position","type":"ide\\formats\\form\\elements\\MaterialToggleButtonFormElement","version":0,"data":[]},"notification":{"id":"notification","type":"ide\\formats\\form\\elements\\MaterialToggleButtonFormElement","version":0,"data":[]},"autoplay":{"id":"autoplay","type":"ide\\formats\\form\\elements\\MaterialToggleButtonFormElement","version":0,"data":[]}}},"src/app/forms/traymenu.php":{"_objects":{"rect":{"id":"rect","type":"ide\\formats\\form\\elements\\RectangleFormElement","version":0,"data":[]},"playBTN":{"id":"playBTN","type":"ide\\formats\\form\\elements\\MaterialButtonFormElement","version":0,"data":[]},"pauseBTN":{"id":"pauseBTN","type":"ide\\formats\\form\\elements\\MaterialButtonFormElement","version":0,"data":[]},"stopBTN":{"id":"stopBTN","type":"ide\\formats\\form\\elements\\MaterialButtonFormElement","version":0,"data":[]},"rewindBTN":{"id":"rewindBTN","type":"ide\\formats\\form\\elements\\MaterialButtonFormElement","version":0,"data":[]},"forwardBTN":{"id":"forwardBTN","type":"ide\\formats\\form\\elements\\MaterialButtonFormElement","version":0,"data":[]},"nameLAB":{"id":"nameLAB","type":"ide\\formats\\form\\elements\\LabelFormElement","version":0,"data":[]},"posSLIDER":{"id":"posSLIDER","type":"ide\\formats\\form\\elements\\MaterialSliderFormElement","version":0,"data":[]},"image3":{"id":"image3","type":"ide\\formats\\form\\elements\\ImageViewFormElement","version":0,"data":{"image":".data/img/volume.png"}},"volumeSLIDER":{"id":"volumeSLIDER","type":"ide\\formats\\form\\elements\\MaterialSliderFormElement","version":0,"data":[]},"curLAB":{"id":"curLAB","type":"ide\\formats\\form\\elements\\LabelFormElement","version":0,"data":[]},"totalLAB":{"id":"totalLAB","type":"ide\\formats\\form\\elements\\LabelFormElement","version":0,"data":[]}}},"src/app/modules/appmodule.php":{"_objects":[]},"src/app/modules/mainmodule.php":{"_objects":{"ini":{"id":"ini","type":"ide\\scripts\\elements\\IniStorageComponent"},"systemTray":{"id":"systemTray","type":"develnext\\bundle\\systemtray\\components\\SystemTrayComponent"},"openDLG":{"id":"openDLG","type":"ide\\scripts\\elements\\FileChooserScriptComponent"},"dirDLG":{"id":"dirDLG","type":"ide\\scripts\\elements\\DirectoryChooserScriptComponent"},"player":{"id":"player","type":"ide\\scripts\\elements\\MediaPlayerScriptComponent"}}},"src/app/forms/about.php":{"_objects":{"frameRECT":{"id":"frameRECT","type":"ide\\formats\\form\\elements\\RectangleFormElement","version":22,"data":[]},"label":{"id":"label","type":"ide\\formats\\form\\elements\\LabelFormElement","version":40,"data":[]},"image":{"id":"image","type":"ide\\formats\\form\\elements\\ImageViewFormElement","version":4,"data":{"image":".data/img/icon.png"}},"imageAlt":{"id":"imageAlt","type":"ide\\formats\\form\\elements\\ImageViewFormElement","version":169,"data":{"image":".data/img/New logo.png"}},"labelAlt":{"id":"labelAlt","type":"ide\\formats\\form\\elements\\LabelFormElement","version":487,"data":[]},"label3":{"id":"label3","type":"ide\\formats\\form\\elements\\LabelFormElement","version":250,"data":[]},"label4":{"id":"label4","type":"ide\\formats\\form\\elements\\LabelFormElement","version":116,"data":[]},"label5":{"id":"label5","type":"ide\\formats\\form\\elements\\LabelFormElement","version":112,"data":[]},"link":{"id":"link","type":"ide\\formats\\form\\elements\\HyperlinkFormElement","version":147,"data":[]},"linkAlt":{"id":"linkAlt","type":"ide\\formats\\form\\elements\\HyperlinkFormElement","version":131,"data":[]},"link3":{"id":"link3","type":"ide\\formats\\form\\elements\\HyperlinkFormElement","version":67,"data":[]},"label6":{"id":"label6","type":"ide\\formats\\form\\elements\\LabelFormElement","version":111,"data":[]},"label7":{"id":"label7","type":"ide\\formats\\form\\elements\\LabelFormElement","version":95,"data":[]},"label8":{"id":"label8","type":"ide\\formats\\form\\elements\\LabelFormElement","version":89,"data":[]},"link4":{"id":"link4","type":"ide\\formats\\form\\elements\\HyperlinkFormElement","version":0,"data":[]}}}}